LICENSE
README.rst
pyproject.toml
setup.py
pytzdata/__init__.py
pytzdata/_compat.py
pytzdata/_timezones.py
pytzdata/exceptions.py
pytzdata/version.py
pytzdata.egg-info/PKG-INFO
pytzdata.egg-info/SOURCES.txt
pytzdata.egg-info/dependency_links.txt
pytzdata.egg-info/top_level.txt
pytzdata/commands/__init__.py
pytzdata/commands/app.py
pytzdata/commands/make.py
pytzdata/commands/zones.py
pytzdata/zoneinfo/CET
pytzdata/zoneinfo/CST6CDT
pytzdata/zoneinfo/Cuba
pytzdata/zoneinfo/EET
pytzdata/zoneinfo/EST
pytzdata/zoneinfo/EST5EDT
pytzdata/zoneinfo/Egypt
pytzdata/zoneinfo/Eire
pytzdata/zoneinfo/Factory
pytzdata/zoneinfo/GB
pytzdata/zoneinfo/GB-Eire
pytzdata/zoneinfo/GMT
pytzdata/zoneinfo/GMT+0
pytzdata/zoneinfo/GMT-0
pytzdata/zoneinfo/GMT0
pytzdata/zoneinfo/Greenwich
pytzdata/zoneinfo/HST
pytzdata/zoneinfo/Hongkong
pytzdata/zoneinfo/Iceland
pytzdata/zoneinfo/Iran
pytzdata/zoneinfo/Israel
pytzdata/zoneinfo/Jamaica
pytzdata/zoneinfo/Japan
pytzdata/zoneinfo/Kwajalein
pytzdata/zoneinfo/Libya
pytzdata/zoneinfo/MET
pytzdata/zoneinfo/MST
pytzdata/zoneinfo/MST7MDT
pytzdata/zoneinfo/NZ
pytzdata/zoneinfo/NZ-CHAT
pytzdata/zoneinfo/Navajo
pytzdata/zoneinfo/PRC
pytzdata/zoneinfo/PST8PDT
pytzdata/zoneinfo/Poland
pytzdata/zoneinfo/Portugal
pytzdata/zoneinfo/ROC
pytzdata/zoneinfo/ROK
pytzdata/zoneinfo/Singapore
pytzdata/zoneinfo/Turkey
pytzdata/zoneinfo/UCT
pytzdata/zoneinfo/UTC
pytzdata/zoneinfo/Universal
pytzdata/zoneinfo/W-SU
pytzdata/zoneinfo/WET
pytzdata/zoneinfo/Zulu
pytzdata/zoneinfo/iso3166.tab
pytzdata/zoneinfo/leapseconds
pytzdata/zoneinfo/posixrules
pytzdata/zoneinfo/tzdata.zi
pytzdata/zoneinfo/zone.tab
pytzdata/zoneinfo/zone1970.tab
pytzdata/zoneinfo/Africa/Abidjan
pytzdata/zoneinfo/Africa/Accra
pytzdata/zoneinfo/Africa/Addis_Ababa
pytzdata/zoneinfo/Africa/Algiers
pytzdata/zoneinfo/Africa/Asmara
pytzdata/zoneinfo/Africa/Asmera
pytzdata/zoneinfo/Africa/Bamako
pytzdata/zoneinfo/Africa/Bangui
pytzdata/zoneinfo/Africa/Banjul
pytzdata/zoneinfo/Africa/Bissau
pytzdata/zoneinfo/Africa/Blantyre
pytzdata/zoneinfo/Africa/Brazzaville
pytzdata/zoneinfo/Africa/Bujumbura
pytzdata/zoneinfo/Africa/Cairo
pytzdata/zoneinfo/Africa/Casablanca
pytzdata/zoneinfo/Africa/Ceuta
pytzdata/zoneinfo/Africa/Conakry
pytzdata/zoneinfo/Africa/Dakar
pytzdata/zoneinfo/Africa/Dar_es_Salaam
pytzdata/zoneinfo/Africa/Djibouti
pytzdata/zoneinfo/Africa/Douala
pytzdata/zoneinfo/Africa/El_Aaiun
pytzdata/zoneinfo/Africa/Freetown
pytzdata/zoneinfo/Africa/Gaborone
pytzdata/zoneinfo/Africa/Harare
pytzdata/zoneinfo/Africa/Johannesburg
pytzdata/zoneinfo/Africa/Juba
pytzdata/zoneinfo/Africa/Kampala
pytzdata/zoneinfo/Africa/Khartoum
pytzdata/zoneinfo/Africa/Kigali
pytzdata/zoneinfo/Africa/Kinshasa
pytzdata/zoneinfo/Africa/Lagos
pytzdata/zoneinfo/Africa/Libreville
pytzdata/zoneinfo/Africa/Lome
pytzdata/zoneinfo/Africa/Luanda
pytzdata/zoneinfo/Africa/Lubumbashi
pytzdata/zoneinfo/Africa/Lusaka
pytzdata/zoneinfo/Africa/Malabo
pytzdata/zoneinfo/Africa/Maputo
pytzdata/zoneinfo/Africa/Maseru
pytzdata/zoneinfo/Africa/Mbabane
pytzdata/zoneinfo/Africa/Mogadishu
pytzdata/zoneinfo/Africa/Monrovia
pytzdata/zoneinfo/Africa/Nairobi
pytzdata/zoneinfo/Africa/Ndjamena
pytzdata/zoneinfo/Africa/Niamey
pytzdata/zoneinfo/Africa/Nouakchott
pytzdata/zoneinfo/Africa/Ouagadougou
pytzdata/zoneinfo/Africa/Porto-Novo
pytzdata/zoneinfo/Africa/Sao_Tome
pytzdata/zoneinfo/Africa/Timbuktu
pytzdata/zoneinfo/Africa/Tripoli
pytzdata/zoneinfo/Africa/Tunis
pytzdata/zoneinfo/Africa/Windhoek
pytzdata/zoneinfo/America/Adak
pytzdata/zoneinfo/America/Anchorage
pytzdata/zoneinfo/America/Anguilla
pytzdata/zoneinfo/America/Antigua
pytzdata/zoneinfo/America/Araguaina
pytzdata/zoneinfo/America/Aruba
pytzdata/zoneinfo/America/Asuncion
pytzdata/zoneinfo/America/Atikokan
pytzdata/zoneinfo/America/Atka
pytzdata/zoneinfo/America/Bahia
pytzdata/zoneinfo/America/Bahia_Banderas
pytzdata/zoneinfo/America/Barbados
pytzdata/zoneinfo/America/Belem
pytzdata/zoneinfo/America/Belize
pytzdata/zoneinfo/America/Blanc-Sablon
pytzdata/zoneinfo/America/Boa_Vista
pytzdata/zoneinfo/America/Bogota
pytzdata/zoneinfo/America/Boise
pytzdata/zoneinfo/America/Buenos_Aires
pytzdata/zoneinfo/America/Cambridge_Bay
pytzdata/zoneinfo/America/Campo_Grande
pytzdata/zoneinfo/America/Cancun
pytzdata/zoneinfo/America/Caracas
pytzdata/zoneinfo/America/Catamarca
pytzdata/zoneinfo/America/Cayenne
pytzdata/zoneinfo/America/Cayman
pytzdata/zoneinfo/America/Chicago
pytzdata/zoneinfo/America/Chihuahua
pytzdata/zoneinfo/America/Coral_Harbour
pytzdata/zoneinfo/America/Cordoba
pytzdata/zoneinfo/America/Costa_Rica
pytzdata/zoneinfo/America/Creston
pytzdata/zoneinfo/America/Cuiaba
pytzdata/zoneinfo/America/Curacao
pytzdata/zoneinfo/America/Danmarkshavn
pytzdata/zoneinfo/America/Dawson
pytzdata/zoneinfo/America/Dawson_Creek
pytzdata/zoneinfo/America/Denver
pytzdata/zoneinfo/America/Detroit
pytzdata/zoneinfo/America/Dominica
pytzdata/zoneinfo/America/Edmonton
pytzdata/zoneinfo/America/Eirunepe
pytzdata/zoneinfo/America/El_Salvador
pytzdata/zoneinfo/America/Ensenada
pytzdata/zoneinfo/America/Fort_Nelson
pytzdata/zoneinfo/America/Fort_Wayne
pytzdata/zoneinfo/America/Fortaleza
pytzdata/zoneinfo/America/Glace_Bay
pytzdata/zoneinfo/America/Godthab
pytzdata/zoneinfo/America/Goose_Bay
pytzdata/zoneinfo/America/Grand_Turk
pytzdata/zoneinfo/America/Grenada
pytzdata/zoneinfo/America/Guadeloupe
pytzdata/zoneinfo/America/Guatemala
pytzdata/zoneinfo/America/Guayaquil
pytzdata/zoneinfo/America/Guyana
pytzdata/zoneinfo/America/Halifax
pytzdata/zoneinfo/America/Havana
pytzdata/zoneinfo/America/Hermosillo
pytzdata/zoneinfo/America/Indianapolis
pytzdata/zoneinfo/America/Inuvik
pytzdata/zoneinfo/America/Iqaluit
pytzdata/zoneinfo/America/Jamaica
pytzdata/zoneinfo/America/Jujuy
pytzdata/zoneinfo/America/Juneau
pytzdata/zoneinfo/America/Knox_IN
pytzdata/zoneinfo/America/Kralendijk
pytzdata/zoneinfo/America/La_Paz
pytzdata/zoneinfo/America/Lima
pytzdata/zoneinfo/America/Los_Angeles
pytzdata/zoneinfo/America/Louisville
pytzdata/zoneinfo/America/Lower_Princes
pytzdata/zoneinfo/America/Maceio
pytzdata/zoneinfo/America/Managua
pytzdata/zoneinfo/America/Manaus
pytzdata/zoneinfo/America/Marigot
pytzdata/zoneinfo/America/Martinique
pytzdata/zoneinfo/America/Matamoros
pytzdata/zoneinfo/America/Mazatlan
pytzdata/zoneinfo/America/Mendoza
pytzdata/zoneinfo/America/Menominee
pytzdata/zoneinfo/America/Merida
pytzdata/zoneinfo/America/Metlakatla
pytzdata/zoneinfo/America/Mexico_City
pytzdata/zoneinfo/America/Miquelon
pytzdata/zoneinfo/America/Moncton
pytzdata/zoneinfo/America/Monterrey
pytzdata/zoneinfo/America/Montevideo
pytzdata/zoneinfo/America/Montreal
pytzdata/zoneinfo/America/Montserrat
pytzdata/zoneinfo/America/Nassau
pytzdata/zoneinfo/America/New_York
pytzdata/zoneinfo/America/Nipigon
pytzdata/zoneinfo/America/Nome
pytzdata/zoneinfo/America/Noronha
pytzdata/zoneinfo/America/Nuuk
pytzdata/zoneinfo/America/Ojinaga
pytzdata/zoneinfo/America/Panama
pytzdata/zoneinfo/America/Pangnirtung
pytzdata/zoneinfo/America/Paramaribo
pytzdata/zoneinfo/America/Phoenix
pytzdata/zoneinfo/America/Port-au-Prince
pytzdata/zoneinfo/America/Port_of_Spain
pytzdata/zoneinfo/America/Porto_Acre
pytzdata/zoneinfo/America/Porto_Velho
pytzdata/zoneinfo/America/Puerto_Rico
pytzdata/zoneinfo/America/Punta_Arenas
pytzdata/zoneinfo/America/Rainy_River
pytzdata/zoneinfo/America/Rankin_Inlet
pytzdata/zoneinfo/America/Recife
pytzdata/zoneinfo/America/Regina
pytzdata/zoneinfo/America/Resolute
pytzdata/zoneinfo/America/Rio_Branco
pytzdata/zoneinfo/America/Rosario
pytzdata/zoneinfo/America/Santa_Isabel
pytzdata/zoneinfo/America/Santarem
pytzdata/zoneinfo/America/Santiago
pytzdata/zoneinfo/America/Santo_Domingo
pytzdata/zoneinfo/America/Sao_Paulo
pytzdata/zoneinfo/America/Scoresbysund
pytzdata/zoneinfo/America/Shiprock
pytzdata/zoneinfo/America/Sitka
pytzdata/zoneinfo/America/St_Barthelemy
pytzdata/zoneinfo/America/St_Johns
pytzdata/zoneinfo/America/St_Kitts
pytzdata/zoneinfo/America/St_Lucia
pytzdata/zoneinfo/America/St_Thomas
pytzdata/zoneinfo/America/St_Vincent
pytzdata/zoneinfo/America/Swift_Current
pytzdata/zoneinfo/America/Tegucigalpa
pytzdata/zoneinfo/America/Thule
pytzdata/zoneinfo/America/Thunder_Bay
pytzdata/zoneinfo/America/Tijuana
pytzdata/zoneinfo/America/Toronto
pytzdata/zoneinfo/America/Tortola
pytzdata/zoneinfo/America/Vancouver
pytzdata/zoneinfo/America/Virgin
pytzdata/zoneinfo/America/Whitehorse
pytzdata/zoneinfo/America/Winnipeg
pytzdata/zoneinfo/America/Yakutat
pytzdata/zoneinfo/America/Yellowknife
pytzdata/zoneinfo/America/Argentina/Buenos_Aires
pytzdata/zoneinfo/America/Argentina/Catamarca
pytzdata/zoneinfo/America/Argentina/ComodRivadavia
pytzdata/zoneinfo/America/Argentina/Cordoba
pytzdata/zoneinfo/America/Argentina/Jujuy
pytzdata/zoneinfo/America/Argentina/La_Rioja
pytzdata/zoneinfo/America/Argentina/Mendoza
pytzdata/zoneinfo/America/Argentina/Rio_Gallegos
pytzdata/zoneinfo/America/Argentina/Salta
pytzdata/zoneinfo/America/Argentina/San_Juan
pytzdata/zoneinfo/America/Argentina/San_Luis
pytzdata/zoneinfo/America/Argentina/Tucuman
pytzdata/zoneinfo/America/Argentina/Ushuaia
pytzdata/zoneinfo/America/Indiana/Indianapolis
pytzdata/zoneinfo/America/Indiana/Knox
pytzdata/zoneinfo/America/Indiana/Marengo
pytzdata/zoneinfo/America/Indiana/Petersburg
pytzdata/zoneinfo/America/Indiana/Tell_City
pytzdata/zoneinfo/America/Indiana/Vevay
pytzdata/zoneinfo/America/Indiana/Vincennes
pytzdata/zoneinfo/America/Indiana/Winamac
pytzdata/zoneinfo/America/Kentucky/Louisville
pytzdata/zoneinfo/America/Kentucky/Monticello
pytzdata/zoneinfo/America/North_Dakota/Beulah
pytzdata/zoneinfo/America/North_Dakota/Center
pytzdata/zoneinfo/America/North_Dakota/New_Salem
pytzdata/zoneinfo/Antarctica/Casey
pytzdata/zoneinfo/Antarctica/Davis
pytzdata/zoneinfo/Antarctica/DumontDUrville
pytzdata/zoneinfo/Antarctica/Macquarie
pytzdata/zoneinfo/Antarctica/Mawson
pytzdata/zoneinfo/Antarctica/McMurdo
pytzdata/zoneinfo/Antarctica/Palmer
pytzdata/zoneinfo/Antarctica/Rothera
pytzdata/zoneinfo/Antarctica/South_Pole
pytzdata/zoneinfo/Antarctica/Syowa
pytzdata/zoneinfo/Antarctica/Troll
pytzdata/zoneinfo/Antarctica/Vostok
pytzdata/zoneinfo/Arctic/Longyearbyen
pytzdata/zoneinfo/Asia/Aden
pytzdata/zoneinfo/Asia/Almaty
pytzdata/zoneinfo/Asia/Amman
pytzdata/zoneinfo/Asia/Anadyr
pytzdata/zoneinfo/Asia/Aqtau
pytzdata/zoneinfo/Asia/Aqtobe
pytzdata/zoneinfo/Asia/Ashgabat
pytzdata/zoneinfo/Asia/Ashkhabad
pytzdata/zoneinfo/Asia/Atyrau
pytzdata/zoneinfo/Asia/Baghdad
pytzdata/zoneinfo/Asia/Bahrain
pytzdata/zoneinfo/Asia/Baku
pytzdata/zoneinfo/Asia/Bangkok
pytzdata/zoneinfo/Asia/Barnaul
pytzdata/zoneinfo/Asia/Beirut
pytzdata/zoneinfo/Asia/Bishkek
pytzdata/zoneinfo/Asia/Brunei
pytzdata/zoneinfo/Asia/Calcutta
pytzdata/zoneinfo/Asia/Chita
pytzdata/zoneinfo/Asia/Choibalsan
pytzdata/zoneinfo/Asia/Chongqing
pytzdata/zoneinfo/Asia/Chungking
pytzdata/zoneinfo/Asia/Colombo
pytzdata/zoneinfo/Asia/Dacca
pytzdata/zoneinfo/Asia/Damascus
pytzdata/zoneinfo/Asia/Dhaka
pytzdata/zoneinfo/Asia/Dili
pytzdata/zoneinfo/Asia/Dubai
pytzdata/zoneinfo/Asia/Dushanbe
pytzdata/zoneinfo/Asia/Famagusta
pytzdata/zoneinfo/Asia/Gaza
pytzdata/zoneinfo/Asia/Harbin
pytzdata/zoneinfo/Asia/Hebron
pytzdata/zoneinfo/Asia/Ho_Chi_Minh
pytzdata/zoneinfo/Asia/Hong_Kong
pytzdata/zoneinfo/Asia/Hovd
pytzdata/zoneinfo/Asia/Irkutsk
pytzdata/zoneinfo/Asia/Istanbul
pytzdata/zoneinfo/Asia/Jakarta
pytzdata/zoneinfo/Asia/Jayapura
pytzdata/zoneinfo/Asia/Jerusalem
pytzdata/zoneinfo/Asia/Kabul
pytzdata/zoneinfo/Asia/Kamchatka
pytzdata/zoneinfo/Asia/Karachi
pytzdata/zoneinfo/Asia/Kashgar
pytzdata/zoneinfo/Asia/Kathmandu
pytzdata/zoneinfo/Asia/Katmandu
pytzdata/zoneinfo/Asia/Khandyga
pytzdata/zoneinfo/Asia/Kolkata
pytzdata/zoneinfo/Asia/Krasnoyarsk
pytzdata/zoneinfo/Asia/Kuala_Lumpur
pytzdata/zoneinfo/Asia/Kuching
pytzdata/zoneinfo/Asia/Kuwait
pytzdata/zoneinfo/Asia/Macao
pytzdata/zoneinfo/Asia/Macau
pytzdata/zoneinfo/Asia/Magadan
pytzdata/zoneinfo/Asia/Makassar
pytzdata/zoneinfo/Asia/Manila
pytzdata/zoneinfo/Asia/Muscat
pytzdata/zoneinfo/Asia/Nicosia
pytzdata/zoneinfo/Asia/Novokuznetsk
pytzdata/zoneinfo/Asia/Novosibirsk
pytzdata/zoneinfo/Asia/Omsk
pytzdata/zoneinfo/Asia/Oral
pytzdata/zoneinfo/Asia/Phnom_Penh
pytzdata/zoneinfo/Asia/Pontianak
pytzdata/zoneinfo/Asia/Pyongyang
pytzdata/zoneinfo/Asia/Qatar
pytzdata/zoneinfo/Asia/Qostanay
pytzdata/zoneinfo/Asia/Qyzylorda
pytzdata/zoneinfo/Asia/Rangoon
pytzdata/zoneinfo/Asia/Riyadh
pytzdata/zoneinfo/Asia/Saigon
pytzdata/zoneinfo/Asia/Sakhalin
pytzdata/zoneinfo/Asia/Samarkand
pytzdata/zoneinfo/Asia/Seoul
pytzdata/zoneinfo/Asia/Shanghai
pytzdata/zoneinfo/Asia/Singapore
pytzdata/zoneinfo/Asia/Srednekolymsk
pytzdata/zoneinfo/Asia/Taipei
pytzdata/zoneinfo/Asia/Tashkent
pytzdata/zoneinfo/Asia/Tbilisi
pytzdata/zoneinfo/Asia/Tehran
pytzdata/zoneinfo/Asia/Tel_Aviv
pytzdata/zoneinfo/Asia/Thimbu
pytzdata/zoneinfo/Asia/Thimphu
pytzdata/zoneinfo/Asia/Tokyo
pytzdata/zoneinfo/Asia/Tomsk
pytzdata/zoneinfo/Asia/Ujung_Pandang
pytzdata/zoneinfo/Asia/Ulaanbaatar
pytzdata/zoneinfo/Asia/Ulan_Bator
pytzdata/zoneinfo/Asia/Urumqi
pytzdata/zoneinfo/Asia/Ust-Nera
pytzdata/zoneinfo/Asia/Vientiane
pytzdata/zoneinfo/Asia/Vladivostok
pytzdata/zoneinfo/Asia/Yakutsk
pytzdata/zoneinfo/Asia/Yangon
pytzdata/zoneinfo/Asia/Yekaterinburg
pytzdata/zoneinfo/Asia/Yerevan
pytzdata/zoneinfo/Atlantic/Azores
pytzdata/zoneinfo/Atlantic/Bermuda
pytzdata/zoneinfo/Atlantic/Canary
pytzdata/zoneinfo/Atlantic/Cape_Verde
pytzdata/zoneinfo/Atlantic/Faeroe
pytzdata/zoneinfo/Atlantic/Faroe
pytzdata/zoneinfo/Atlantic/Jan_Mayen
pytzdata/zoneinfo/Atlantic/Madeira
pytzdata/zoneinfo/Atlantic/Reykjavik
pytzdata/zoneinfo/Atlantic/South_Georgia
pytzdata/zoneinfo/Atlantic/St_Helena
pytzdata/zoneinfo/Atlantic/Stanley
pytzdata/zoneinfo/Australia/ACT
pytzdata/zoneinfo/Australia/Adelaide
pytzdata/zoneinfo/Australia/Brisbane
pytzdata/zoneinfo/Australia/Broken_Hill
pytzdata/zoneinfo/Australia/Canberra
pytzdata/zoneinfo/Australia/Currie
pytzdata/zoneinfo/Australia/Darwin
pytzdata/zoneinfo/Australia/Eucla
pytzdata/zoneinfo/Australia/Hobart
pytzdata/zoneinfo/Australia/LHI
pytzdata/zoneinfo/Australia/Lindeman
pytzdata/zoneinfo/Australia/Lord_Howe
pytzdata/zoneinfo/Australia/Melbourne
pytzdata/zoneinfo/Australia/NSW
pytzdata/zoneinfo/Australia/North
pytzdata/zoneinfo/Australia/Perth
pytzdata/zoneinfo/Australia/Queensland
pytzdata/zoneinfo/Australia/South
pytzdata/zoneinfo/Australia/Sydney
pytzdata/zoneinfo/Australia/Tasmania
pytzdata/zoneinfo/Australia/Victoria
pytzdata/zoneinfo/Australia/West
pytzdata/zoneinfo/Australia/Yancowinna
pytzdata/zoneinfo/Brazil/Acre
pytzdata/zoneinfo/Brazil/DeNoronha
pytzdata/zoneinfo/Brazil/East
pytzdata/zoneinfo/Brazil/West
pytzdata/zoneinfo/Canada/Atlantic
pytzdata/zoneinfo/Canada/Central
pytzdata/zoneinfo/Canada/Eastern
pytzdata/zoneinfo/Canada/Mountain
pytzdata/zoneinfo/Canada/Newfoundland
pytzdata/zoneinfo/Canada/Pacific
pytzdata/zoneinfo/Canada/Saskatchewan
pytzdata/zoneinfo/Canada/Yukon
pytzdata/zoneinfo/Chile/Continental
pytzdata/zoneinfo/Chile/EasterIsland
pytzdata/zoneinfo/Etc/GMT
pytzdata/zoneinfo/Etc/GMT+0
pytzdata/zoneinfo/Etc/GMT+1
pytzdata/zoneinfo/Etc/GMT+10
pytzdata/zoneinfo/Etc/GMT+11
pytzdata/zoneinfo/Etc/GMT+12
pytzdata/zoneinfo/Etc/GMT+2
pytzdata/zoneinfo/Etc/GMT+3
pytzdata/zoneinfo/Etc/GMT+4
pytzdata/zoneinfo/Etc/GMT+5
pytzdata/zoneinfo/Etc/GMT+6
pytzdata/zoneinfo/Etc/GMT+7
pytzdata/zoneinfo/Etc/GMT+8
pytzdata/zoneinfo/Etc/GMT+9
pytzdata/zoneinfo/Etc/GMT-0
pytzdata/zoneinfo/Etc/GMT-1
pytzdata/zoneinfo/Etc/GMT-10
pytzdata/zoneinfo/Etc/GMT-11
pytzdata/zoneinfo/Etc/GMT-12
pytzdata/zoneinfo/Etc/GMT-13
pytzdata/zoneinfo/Etc/GMT-14
pytzdata/zoneinfo/Etc/GMT-2
pytzdata/zoneinfo/Etc/GMT-3
pytzdata/zoneinfo/Etc/GMT-4
pytzdata/zoneinfo/Etc/GMT-5
pytzdata/zoneinfo/Etc/GMT-6
pytzdata/zoneinfo/Etc/GMT-7
pytzdata/zoneinfo/Etc/GMT-8
pytzdata/zoneinfo/Etc/GMT-9
pytzdata/zoneinfo/Etc/GMT0
pytzdata/zoneinfo/Etc/Greenwich
pytzdata/zoneinfo/Etc/UCT
pytzdata/zoneinfo/Etc/UTC
pytzdata/zoneinfo/Etc/Universal
pytzdata/zoneinfo/Etc/Zulu
pytzdata/zoneinfo/Europe/Amsterdam
pytzdata/zoneinfo/Europe/Andorra
pytzdata/zoneinfo/Europe/Astrakhan
pytzdata/zoneinfo/Europe/Athens
pytzdata/zoneinfo/Europe/Belfast
pytzdata/zoneinfo/Europe/Belgrade
pytzdata/zoneinfo/Europe/Berlin
pytzdata/zoneinfo/Europe/Bratislava
pytzdata/zoneinfo/Europe/Brussels
pytzdata/zoneinfo/Europe/Bucharest
pytzdata/zoneinfo/Europe/Budapest
pytzdata/zoneinfo/Europe/Busingen
pytzdata/zoneinfo/Europe/Chisinau
pytzdata/zoneinfo/Europe/Copenhagen
pytzdata/zoneinfo/Europe/Dublin
pytzdata/zoneinfo/Europe/Gibraltar
pytzdata/zoneinfo/Europe/Guernsey
pytzdata/zoneinfo/Europe/Helsinki
pytzdata/zoneinfo/Europe/Isle_of_Man
pytzdata/zoneinfo/Europe/Istanbul
pytzdata/zoneinfo/Europe/Jersey
pytzdata/zoneinfo/Europe/Kaliningrad
pytzdata/zoneinfo/Europe/Kiev
pytzdata/zoneinfo/Europe/Kirov
pytzdata/zoneinfo/Europe/Lisbon
pytzdata/zoneinfo/Europe/Ljubljana
pytzdata/zoneinfo/Europe/London
pytzdata/zoneinfo/Europe/Luxembourg
pytzdata/zoneinfo/Europe/Madrid
pytzdata/zoneinfo/Europe/Malta
pytzdata/zoneinfo/Europe/Mariehamn
pytzdata/zoneinfo/Europe/Minsk
pytzdata/zoneinfo/Europe/Monaco
pytzdata/zoneinfo/Europe/Moscow
pytzdata/zoneinfo/Europe/Nicosia
pytzdata/zoneinfo/Europe/Oslo
pytzdata/zoneinfo/Europe/Paris
pytzdata/zoneinfo/Europe/Podgorica
pytzdata/zoneinfo/Europe/Prague
pytzdata/zoneinfo/Europe/Riga
pytzdata/zoneinfo/Europe/Rome
pytzdata/zoneinfo/Europe/Samara
pytzdata/zoneinfo/Europe/San_Marino
pytzdata/zoneinfo/Europe/Sarajevo
pytzdata/zoneinfo/Europe/Saratov
pytzdata/zoneinfo/Europe/Simferopol
pytzdata/zoneinfo/Europe/Skopje
pytzdata/zoneinfo/Europe/Sofia
pytzdata/zoneinfo/Europe/Stockholm
pytzdata/zoneinfo/Europe/Tallinn
pytzdata/zoneinfo/Europe/Tirane
pytzdata/zoneinfo/Europe/Tiraspol
pytzdata/zoneinfo/Europe/Ulyanovsk
pytzdata/zoneinfo/Europe/Uzhgorod
pytzdata/zoneinfo/Europe/Vaduz
pytzdata/zoneinfo/Europe/Vatican
pytzdata/zoneinfo/Europe/Vienna
pytzdata/zoneinfo/Europe/Vilnius
pytzdata/zoneinfo/Europe/Volgograd
pytzdata/zoneinfo/Europe/Warsaw
pytzdata/zoneinfo/Europe/Zagreb
pytzdata/zoneinfo/Europe/Zaporozhye
pytzdata/zoneinfo/Europe/Zurich
pytzdata/zoneinfo/Indian/Antananarivo
pytzdata/zoneinfo/Indian/Chagos
pytzdata/zoneinfo/Indian/Christmas
pytzdata/zoneinfo/Indian/Cocos
pytzdata/zoneinfo/Indian/Comoro
pytzdata/zoneinfo/Indian/Kerguelen
pytzdata/zoneinfo/Indian/Mahe
pytzdata/zoneinfo/Indian/Maldives
pytzdata/zoneinfo/Indian/Mauritius
pytzdata/zoneinfo/Indian/Mayotte
pytzdata/zoneinfo/Indian/Reunion
pytzdata/zoneinfo/Mexico/BajaNorte
pytzdata/zoneinfo/Mexico/BajaSur
pytzdata/zoneinfo/Mexico/General
pytzdata/zoneinfo/Pacific/Apia
pytzdata/zoneinfo/Pacific/Auckland
pytzdata/zoneinfo/Pacific/Bougainville
pytzdata/zoneinfo/Pacific/Chatham
pytzdata/zoneinfo/Pacific/Chuuk
pytzdata/zoneinfo/Pacific/Easter
pytzdata/zoneinfo/Pacific/Efate
pytzdata/zoneinfo/Pacific/Enderbury
pytzdata/zoneinfo/Pacific/Fakaofo
pytzdata/zoneinfo/Pacific/Fiji
pytzdata/zoneinfo/Pacific/Funafuti
pytzdata/zoneinfo/Pacific/Galapagos
pytzdata/zoneinfo/Pacific/Gambier
pytzdata/zoneinfo/Pacific/Guadalcanal
pytzdata/zoneinfo/Pacific/Guam
pytzdata/zoneinfo/Pacific/Honolulu
pytzdata/zoneinfo/Pacific/Johnston
pytzdata/zoneinfo/Pacific/Kiritimati
pytzdata/zoneinfo/Pacific/Kosrae
pytzdata/zoneinfo/Pacific/Kwajalein
pytzdata/zoneinfo/Pacific/Majuro
pytzdata/zoneinfo/Pacific/Marquesas
pytzdata/zoneinfo/Pacific/Midway
pytzdata/zoneinfo/Pacific/Nauru
pytzdata/zoneinfo/Pacific/Niue
pytzdata/zoneinfo/Pacific/Norfolk
pytzdata/zoneinfo/Pacific/Noumea
pytzdata/zoneinfo/Pacific/Pago_Pago
pytzdata/zoneinfo/Pacific/Palau
pytzdata/zoneinfo/Pacific/Pitcairn
pytzdata/zoneinfo/Pacific/Pohnpei
pytzdata/zoneinfo/Pacific/Ponape
pytzdata/zoneinfo/Pacific/Port_Moresby
pytzdata/zoneinfo/Pacific/Rarotonga
pytzdata/zoneinfo/Pacific/Saipan
pytzdata/zoneinfo/Pacific/Samoa
pytzdata/zoneinfo/Pacific/Tahiti
pytzdata/zoneinfo/Pacific/Tarawa
pytzdata/zoneinfo/Pacific/Tongatapu
pytzdata/zoneinfo/Pacific/Truk
pytzdata/zoneinfo/Pacific/Wake
pytzdata/zoneinfo/Pacific/Wallis
pytzdata/zoneinfo/Pacific/Yap
pytzdata/zoneinfo/US/Alaska
pytzdata/zoneinfo/US/Aleutian
pytzdata/zoneinfo/US/Arizona
pytzdata/zoneinfo/US/Central
pytzdata/zoneinfo/US/East-Indiana
pytzdata/zoneinfo/US/Eastern
pytzdata/zoneinfo/US/Hawaii
pytzdata/zoneinfo/US/Indiana-Starke
pytzdata/zoneinfo/US/Michigan
pytzdata/zoneinfo/US/Mountain
pytzdata/zoneinfo/US/Pacific
pytzdata/zoneinfo/US/Samoa